<?xml version="1.0" encoding="UTF-8"?>
<!-- $Id: sablona-bp.xml,v 1.3 2006/04/22 09:47:36 jkj Exp $ -->
<!DOCTYPE book PUBLIC "-//OASIS//DTD DocBook XML V4.3//EN"
"http://www.oasis-open.org/docbook/xml/4.3/docbookx.dtd">
<book lang="cs">
  <bookinfo>
    <title>Automatizovaná tvroba otázok</title>

    <subtitle>Bakalárska práca</subtitle>

    <author>
      <firstname>Richard</firstname>

      <surname>Kubík</surname>

      <affiliation>
        <orgname>Slovenská Technická Univerzita</orgname>

        <orgdiv role="fakulta">Fakulta informatiky a informačných technológií</orgdiv>

     
      </affiliation>
    </author>

    <othername role="vedouci">Ing. Miroslav Blšták</othername>

    <pubdate>marec 2018</pubdate>

    <abstract>
      <title>Anotácia</title>

      <para>V dnešnom svete sa takmer všetky vedomosti hodnotia na základe testov, ktoré pozostávajú z kontrolných otázok. Vytvoriť tieto otázky a vybrať vhodný obsah môže byť pre človeka časovo náročné. V tejto práci navrhujeme systém, ktorý dokáže rýchlo a efektívne vytvoriť otázky na istú tému. Systém tvorí otázky na základe dopredu vytvorených šablón. Využíva pri tom štruktúrované dáta a nástroje na spracovanie prirodzeného jazyka ako sú označovanie slovných druhov alebo rozpoznávanie názvoslovných entít. Výsledkom je množina otázok vytvorená na základe analýzy textu, ktorý slúžil ako vstup.
</para>

    </abstract>

    <abstract lang="en">
      <title>Annotation</title>

      <para>Nowadays, almost all knowledge is evaluated on the basis of tests that
consist of control questions. To choose right content and to create those questions can be time consuming for a person. In this work we propose a system which can quickly and efficiently create questions on a particular topic. System compose questions based on previously created templates. It uses structured data and natural language processing tools such as part of speech tagging or named entity recognition to analyze input text. The result is a set of questions based on an analysis of the text that served as input.
</para>
    </abstract>

    <abstract>
      <title>Poďakovanie</title>

      <para>Rád by som poďakoval....</para>

   
    </abstract>

    <abstract>
      <title>Prehlásenie</title>

      <para>Čestne vyhlasujem, že som túto prácu vypracoval samostatne, na základe konzultácií
		a s použitím uvedenej literatúry.</para>
	 


      <?vskip 70pt?>

      <para>V&nbsp;Bratislava, dňa 17. marca 2018</para>

      <?vskip 30pt?>

      <para><?hskip 300pt?>Richard Kubík</para>
    </abstract>
  </bookinfo>

  <chapter>
    <title>Úvod</title>

    <para>Pri procese nadobúdania nových vedomostí máme často krát problém overiť si, koľko toho už vieme. Otázky na danú problematiku dokážu čitateľovi odhaliť nedostatky jeho vedomostí, pomôcť mu usmerniť pozornosť alebo sa jednoducho pretestovať. Väčšina učebných textov je písaná po väčších častiach textu, takže extrakcia dôležitých informácií je náročná a následne vytvorenie otázok na ne ešte náročnejšie. Vytvorenie otázok z textu môže byť aj časovo náročné, pretože treba vybrať vhodný obsah pre tieto otázky.

Keďže v posledných rokoch nástroje na spracovanie prirodzeného jazyka pokročili, dokážeme ich využiť pri automatizácii tohto procesu. Náš systém sa zameriava na tvorbu otázok z textu pomocou dopredu určených šablón. Ako zdroj informácií mu poslúžia štruktúrované dáta, ktorých prítomnosť v texte si bude overovať použitím nástrojov na spracovanie prirodzeného jazyka ako sú označovanie slovných druhov alebo rozpoznávanie názvoslovných entít. Výstupom bude množina otázok pýtajúcich sa na isté časti v texte.</para>

    <section>
      <title>Motivácia</title>

      <para>Študenti sa musia často učiť z textov, ktoré sú niekedy dlhé a aj keď si ich prečítajú viac krát môžu mať pocit že ich neovládajú. Pomocou nášho systému by si z takýchto textov dokázali vytvoriť podmnožinu otázok ktorou by sa preskúšali. Vytvorené otázky by boli náhodne a len z textu, ktorý slúžil ako vstup, a tým by si teda overili znalosť daného textu.</para>

     
    </section>
   
    <section>
      <title>Prehľad práce</title>

   
      <para>Začiatok práce je v časti 2 Analýza tvorby otázok, kde je analýza prístupov generovania otázok rôznymi metódami, a porovnanie už existujúcich generátorov. V časti 3 Špecifikácia je udané čo ideme robiť, a akým spôsobom sme sa rozhodli systém vytvoriť. Časť 4 sa venuje návrhu systému. .</para>

    </section>

    <section>
      <title>Slovník pojmov</title>



      
   
 



<table id="tabulka_pojmov" frame='all'>
<title>Slovník pojmov</title>
<tgroup cols='2' align='left' colsep='1' rowsep='1'>
<thead>
<row>
  <entry align="center">Skratka</entry>
  <entry align="center">Slovný druh</entry>
</row>
</thead>
<tbody>
<row>
  <entry>NN</entry>
  <entry>podstatné meno</entry>
</row>
<row>
  <entry>NNP</entry>
  <entry>vlastné podstatné meno</entry>
</row>
<row>
  <entry>CD</entry>
  <entry>číslovka</entry>
</row>
<row>
  <entry>NP</entry>
  <entry>podstatné meno</entry>
</row>
<row>
  <entry>VZ/V</entry>
  <entry>sloveso</entry>
</row>
<row>
  <entry>IN</entry>
  <entry>predložka</entry>
</row>
</tbody>
</tgroup>
</table> 

	 </section>
	
	<section>
		<title>Zoznam obrázkov</title>
		<para><literallayout>
			<link  linkend="sentence_parse"><emphasis role="strong">Veta rozdelená na slovné druhy</emphasis></link><?vskip 1pt?>
			<link  linkend="3_stages"><emphasis role="strong">Štádia pri trans. vety na otázku</emphasis></link><?vskip 1pt?>
			<link  linkend="keywordy"><emphasis role="strong">Generovanie otázky cez kľúčové slová</emphasis></link><?vskip 1pt?>
			<link  linkend="databaza"><emphasis role="strong">Selectovanie z databázy</emphasis></link><?vskip 1pt?>
			<link  linkend="sdr"><emphasis role="strong">Self Directed Learning UI</emphasis></link><?vskip 1pt?>
		</literallayout>
		</para>
	</section>

	<section>
		<title>Zoznam tabuliek</title>
		<para><literallayout>
			<link  linkend="tabulka_pojmov"><emphasis role="strong">Tabuľka pojmov</emphasis></link>
		</literallayout>
		</para>
	</section>

 </chapter>

 <chapter>

<title>Analýza tvorby otázok</title>
 <para>Automatizovaná tvorba otázok je proces, pri ktorom sa generujú otázky z  rôznych vstupov ako je súvislý text, databáza alebo sémantická reprezentácia. Táto definícia hovorí o tom, že vstupom môže byť veta, odstavec textu alebo sémantická mapa. Vytvorenie otázok na špecifickú problematiku môže odhaľovať nedostatky študentov, preto má automatizovaná tvorba otázok veľké využitie pri procese vzdelávania. Cieľom je spracovať vstup, a ako výstup vytvoriť otázky ktoré by preverili vedomosti čitateľa. 
 
Aby bolo možné z prirodzeného jazyka tvoriť otázky je potrebné jazyk najprv pochopiť. Preto veľkú časť pri generovaní otázok tvorí spracovanie prirodzeného jazyka (ang. Natural Language Processing). Spracovanie prirodzeného jazyka sa zameriava na interakciu medzi ľudskou rečou a počítačom, a zaoberá sa spracovaním textov alebo reči. Je to spoločné úsilie pochopenia prirodzeného jazyka (ang. Natural Language Understaning) a generovania prirodzeného jazyka (ang. Natural Language Generation).
 
 Spracovať prirodzený jazyk je aj pre človeka niekedy veľký problém, keďže každý jazyk má vlastné pravidlá, formy a slovnú zásobu. Preto potrebujeme vstup spracovať tak, aby tomu počítač rozumel. To zahŕňa úlohy ako rozdelenie textu na menšie časti ako sú vety a slová, alebo označenie slovných druhov vo vete. Po tom, čo vstup spracujeme môžeme na základe istých pravidiel generovať otázky.</para>

 <section>
 	<title>Spôsoby tvorby otázok</title>

 <para>Proces tvorby otázky je rozdelený do týchto problémov:</para>

<orderedlist numeration="arabic">
  <listitem>
    <para>Kedy sa opýtať otázku</para>
  </listitem>
  <listitem>
    <para>O čom sa opýtať</para>
  </listitem>
  <listitem>
  	<para>Identifikácia typu otázky</para>
  </listitem>
   <listitem>
  	<para>Konštrukcia otázky</para>
  </listitem>
</orderedlist>

<?vskip 100pt?>
<para>Riešenie prvého problému závisí od stratégie ktorú si zvolíme. Druhý a tretí problém riešia viaceré systémy na tvorbu otázok rovnako, a to značkovaním slovných druhov, zjednodušením viet alebo rozpoznávaním názvoslovných entít. Najväčší rozdiel medzi generátormi otázok vzniká pri štvrtom kroku kde je možné použiť rôzne prístupy. 

Aj keď existuje viacero prístupov ku generovaniu otázok, v skutočnosti len malá časť z nich bola naozaj vyvíjaná a nasadená do vzdelávania. Prístupy generovania otázok ktoré budeme opisovať sú:</para>

 <itemizedlist mark='bullet'>
  <listitem>
    <para>Použitím šablón otázok<xref linkend="templates" /><xref linkend="templates_dva" /></para>
  </listitem>
  <listitem>
    <para>Použitím pravidiel pre transformáciu vety na otázku<xref linkend="transformacia" /></para>
  </listitem>
  <listitem>
    <para>Generovaním otázok z odsekov textu<xref linkend="odseky" /></para>
  </listitem>
  <listitem>

    <para>Použitím vetného zloženia a kľúčových slov<xref linkend="syntax" /></para>
  </listitem>
</itemizedlist>

<section>
	<title id="predlohy_odsek">Generovanie otázok použitím predlôh</title>
	<para>Tento prístup generovania otázok sa realizuje pomocou šablón otázky (angl.
template), ktorá je dopredu daná. Ako prvé treba pri tejto metóde rozdeliť text
na jednotlivé vety. Následne je potrebné analyzovať slovné druhy (angl. part
of speech tagging) a z výstupu vyhľadať podobnosti, ktoré sa zhodujú s našou
šablóna otázky<xref linkend="templates_dva" />. Majme vetu ktorá znie:<emphasis role="strong"> Andrej Kiska is president of
Slovakia</emphasis>
 a dopredu vytvorená šablóna otázky je: <emphasis role="strong"> Who is president of (Country)?</emphasis>
Vetu potrebujeme rozdeliť podľa slovných druhov.</para>

<imagedata xml:id="sentence_parse" fileref="parsed_sentence.png" scale="150" align="justify" />

<para>Teraz keď je veta rozdelená na jednotlivé slovné druhy, (vysvetlenie v tabuľke pojmov)
<footnote>
<para>Tabuľku pojmov môžte nájsť tu: <link  linkend="tabulka_pojmov"><emphasis role="strong">tabuľka</emphasis></link> 
</para>
</footnote>
je nutné nájsť podobnosti so šablónou. V tomto prípade sa podobnosť sa nachádza pri slovese. Vieme
povedať, že <emphasis role="italic">Andrej Kiska</emphasis> bude odpoveď a za <emphasis role="strong">(Country)</emphasis> sa dosadí ,<emphasis role="italic">Slovakia</emphasis>
teda otázka bude <emphasis role="strong">Who is president of Slovakia?</emphasis>.
Výhoda tohto prístupu je vysoká korektnosť otázky, pokiaľ sú vetné
členy na vstupe formulované rovnako ako šablóny otázok. Problémy môžu
spôsobovať synonymá. Veta <emphasis role="strong">Andrej Kiska is president of Slovakia </emphasis> 
a veta  <emphasis role="strong">Andrej Kiska has been president of Slovakia since 2014 </emphasis> 
vyjadrujú rovnakú informáciu, ale so šablónou by sa obe nezhodovali. Ďalšou
nevýhodou je limitovaná škála vstupov<xref linkend="templates" />. To znamená, že generovať otázky
môžme len z témy, na ktorú máme vytvorené šablóny. Dodnes neexistuje
vysoko-škálový generátor otázok<xref linkend="factoid" />.</para>


</section>

<section>
	
	<title id="transformacie_odsek">Generovanie otázok použitím pravidiel pre transformáciu
vety na otázku</title>

<para>Mnoho otázok môžme vnímať ako lexikálne, syntaktické alebo sémantické
transformácie viet <xref linkend="transformacia" />. To využíva práve tento prístup. Pomocou NLP transformácií
dokážeme vetu transformovať na otázku. Transformácia vety na otázku
pozostáva z troch krokov:
</para>

<imagedata id="3_stages" fileref="3_stage_question_generation.png" align="justify" />

<para><emphasis role="strong">V prvom kroku</emphasis> transformácie vety na otázku je daná veta alebo súvetie
zmenená ne jednu, deklaratívnu vetu (veta z ktorej sa odstránia nepotrebné
slovné druhy). Pri tomto procese sa využívajú mnohé NLP transformácie ako
rozdeľovanie viet, spájanie viet alebo parafrázy.
<emphasis role="strong">V druhom kroku</emphasis> je už deklaratívna veta transformovaná do otázky
použitím na to definovaných transformácií ako sú výmena pozície podstatného
mena so slovesom a určenie typu otázky <emphasis role="italic">(Kde? Ako? Prečo? Čo?)</emphasis>. Tento
proces sa nazýva prevodník otázky<xref linkend="transformacia" />. Každá veta pozostáva zo štruktúry
subjekt-sloveso-objekt, inak povedané podstatné meno-sloveso-predmet. Ak
poznáme všetky 3 premenné je možné generovať otázky typu:</para>


<itemizedlist mark='bullet'>
  <listitem>
    <para><emphasis role="strong">Čo/Koho</emphasis> - pokiaľ subjekt je typu NP (podstatné meno)</para>
  </listitem>
  <listitem>
    <para><emphasis role="strong">Kto/Koho/Komu</emphasis> - pokiaľ subjekt je NNP (vlastné podstatné meno</para>
  </listitem>
  <listitem>
    <para><emphasis role="strong">Kedy/Kde</emphasis> - pokiaľ je pri objekte udaná číslovka/miesto</para>
  </listitem>
  <listitem>
    <para><emphasis role="strong">Prečo</emphasis> - pokiaľ je vo vete slovo pretože</para>
  </listitem>
  <listitem>
    <para><emphasis role="strong">Koľko</emphasis> - pokiaľ je vo vete číslovka alebo percentuálne vyjadrenie</para>
  </listitem>
</itemizedlist>

<para>Pri tomto prístupe sa z jednej vety dá vygenerovať toľko otázok, koľko entít
obsahuje. Pokiaľ máme vetu <emphasis role="strong">Francium was discovered by Marguerite
Perey in France in 1939</emphasis> Môžme vygenerovať takéto otázky<xref linkend="rule_based" />:
</para>


<itemizedlist mark='bullet'>
  <listitem>
    <para><emphasis role="italic">Where was francium discovered by Marguerite Perey in 1939?</emphasis></para>
  </listitem>
  <listitem>
    <para><emphasis role="italic">When was francium discovered by Marguerite Perey in France?</emphasis></para>
  </listitem>
  <listitem>
    <para><emphasis role="italic">Was francium discovered by Marguerite Perey in France in 1939?</emphasis></para>
  </listitem>
  <listitem>
    <para><emphasis role="italic">By what was francium discovered in France in 1939?</emphasis></para>
  </listitem>
</itemizedlist>

<para>Po vygenerovaní množiny otázok následuje <emphasis role="strong">tretí krok</emphasis> - ohodnotenie otázok.
V nej sa každá z vytvorených otázok ohodnotí podľa vstupnej vety a podľa
použitých transformácií. Keďže neexistuje nástroj, ktorý by dokázal evaluovať
vytvorené otázky<xref linkend="transformacia" />, tieto otázky hodnotí skupina ľudí.
</para>

</section>

<section>
	
	<title>Generovanie otázok z odsekov textu</title>

	<para>Generovanie otázok z odsekov je oveľa náročnejšie. ako z viet. Tento prístup
používa vetné predikáty a sémantické roly ktoré sú používané na identifikáciu
relevantných častí textu pred tým, ako je otázka vygenerovaná. To znamená,
že je potrebné zistiť význam viet v odseku a takisto vzťahy medzi jednotlivými
vetami. Keďže NLP systémy ešte nedokážu zachytiť pravú podstatu odseku,
tento prístup využíva sémantické označovanie rolí vo vete, ktoré majú viac
ako 80% úspešnosť pri analýze textu<xref linkend="odseky" />. Takisto ako pri generovaní otázok
transformáciou vety <link  linkend="transformacie_odsek">(2.1.2)</link>  má aj tento prístup isté fázy.</para>
Sú nimi:

<orderedlist numeration="arabic">
  <listitem>
    <para>Výber obsahu (angl. content selection)</para>
  </listitem>
  <listitem>
    <para>Formovanie otázky</para>
  </listitem>
  <listitem>
  	<para>Ohodnotenie</para>
  </listitem>
</orderedlist>

<emphasis role="strong">Výber obsahu</emphasis> je dôležitý pre každý NLG systém. V prípade generovania
otázky to je text nad ktorým sa vytvorí otázka. Pre všeobecnú otázku je
to celý odsek, pre menej všeobecnú otázku to sú 2-3 vety a pre špecifickú
otázku jedna veta alebo časť z nej. Výber obsahu pri tomto prístupe prebieha
tak, že sa prečíta každá veta a vyberú sa z nej predikáty a sémantické roly.
To pomôže určiť cieľový obsah na vygenerovanie otázky. Cieľový obsah je
identifikovaný pomocou kritérií<xref linkend="odseky" />:


<itemizedlist mark='bullet'>
  <listitem>
    <para>Povinné argumenty (angl. mandatory arguments)</para>
  </listitem>
  <listitem>
    <para>Nepovinné argumenty</para>
  </listitem>
  <listitem>
    <para>Sponové slovesá (angl. copular verbs)</para>
  </listitem>
</itemizedlist>

<para><emphasis role="strong">Povinné argumenty</emphasis> - sú to slovesné prísudky. Napr.vo vete 
<emphasis role="itealic">Peter moved to Bratislava sooner than Michal</emphasis> je to slovo <emphasis role="itealic">moved</emphasis>. Vieme, že okolo tohto
predikátu vieme vygenerovať otázky ako <emphasis role="itealic">Who moved to Bratislava sooner
than Michal?</emphasis>  alebo <emphasis role="itealic">Where did Peter move sooner than Michal to?</emphasis> Preto si z
každej vety takýto predikát zapamätáme pre budúce formovanie otázky.
<emphasis role="strong">Nepovinné argumenty</emphasis> - sú to zámená ktoré odkazujú na nejaký predikát.
Ak máme dve vety <emphasis role="itealic">Peter is nice</emphasis>. a druhá <emphasis role="itealic">He is also good</emphasis>. 
Vieme, že v druhej vete <emphasis role="strong">He</emphasis> odkazuje na <emphasis role="strong">Peter</emphasis>. 
Týmto vieme určiť že 2 vety medzi sebou majú vzťah, teda vieme vygenerovať otázku väčšieho rozsahu ako jedna veta.
<emphasis role="strong">Sponové slovesá</emphasis> - sú to slovesá ako byť/je/bol. Tie môžu taktiež pomôcť
určiť typ otázky. Pri vete <emphasis role="itealic">Car is faster than bike</emphasis>  budeme vedieť že môžme
generovať len otázku typu <emphasis role="itealic">What is faster than bike?</emphasis>
<emphasis role="strong">Formovanie otázok</emphasis> je ďalšia fáza pri generovaní
otázok z odseku. V tejto fáze sa všetky argumenty z predošlej identifikujú a
následne sa prevedie séria transformácií.
<emphasis role="strong">Identifikácia zložených slovesných tvarov</emphasis> je potrebná na nájdenie
slovies ktoré musia byť spojené so sponovými ako napr.<emphasis role="itealic">is removed, may be
achieved</emphasis>. To je nevyhnuté na prevedenie syntaktických transformácií.
<emphasis role="strong">Transformácie</emphasis> - na základe predikátu a argumentu sú vo vete prevádzané
isté transformácie. Postup transformácie na vety ktoré majú určené povinné
a nepovinné argumenty sú:
<emphasis role="strong">V prvom kroku</emphasis> si predikát vymení pozíciu s prvým vetným členom vo vete
(ak je to možné)
<emphasis role="strong">V druhom kroku</emphasis> sa určí o aký typ otázky ide podľa typu entity alebo podľa
nepovinných argumentov (zámen).
<emphasis role="strong">V treťom kroku</emphasis> sa všetko čo bolo pred predikátom presunie na koniec vety.
Otázky sú tak lepšie formulované ak sú doplňujúce informácie na konci vety
ako na začiatku.
<emphasis role="strong">V poslednom kroku</emphasis> sú prevedené syntaktické transformácie nad slovesnými
tvarmi do formy otázky.
<emphasis role="strong">Priradenie rozsahu odpovede</emphasis>
Po vygenerovaní je potrebné každej otázke priradiť rozsah odpovede a kontext.
Otázky sú buď všeobecné, stredne všeobecné alebo špecifické. Všeobecná
otázka sa vždy vytvorí z prvej vety odseku (prvá veta väčšinou definuje obsah
odseku). Otázky generované z povinných argumentov sú špecifické otázky,
preto sa ich rozsah odpovede viaže len na danú vetu z ktorej boli vygenerované.
Otázky tvorené pomocou nepovinných argumentov sú stredne všeobecné keď
vieme, že nepovinnýn argument odkazuje na iný, povinný argument buď skôr
vo vete alebo v predošlej vete.
<emphasis role="strong">Ohodnotenie</emphasis>
Otázky sú ohodnotené podľa dvoch kritérií. Prvým je váha prísudku. To
znamená, že otázka vygenerovaná z hlavnej vety súvetia alebo jednoduchej
vety je ohodnotená viac ako otázka z vedľajšej vety súvetia. Druhé kritérium
ohodnotí vety podľa počtu zámen v otázke. Čím viac zámen v otázke, tým sa
jej priradí nižšie hodnotenie. Napr. otázka <emphasis role="itealic">here did he go?</emphasis> dostane menšie
hodnotenie ako <emphasis role="itealic">here did Peter go?</emphasis>. Z hodnotených sa napokon vyberie N
najlepšie hodnotených.
</para>

</section>

<section>
	<title>Generovanie otázok použitím vetného zloženia a kľúčových
slov</title>

<para>Tento prístup dokáže generovať <emphasis role="italic">Áno/Nie</emphasis>  otázky z celej vety, WH otázky
(otázky ktoré sa pýtajú Kde? Prečo? Kto?) z vety pomocou extrakcie subjektsloveso-objekt
alebo aj definičné otázky (otázky, ktoré je možné generovať
až po prečítaní celého vstupu). Na to, aby bolo možné generovať definičné
otázky potrebujeme kľúčové slová, ktoré sú ukladané pri spracovaní vstupu.
<emphasis role="strong">Kľúčové slová</emphasis> sú buď slová, ktoré sa v texte vyskytujú častejšie ako iné,
alebo vlastné podstatné mená.</para>

<imagedata id="keywordy" fileref="keywords.png" align="justify" />

<para><literallayout><emphasis role="strong">Generovanie otázok z viet</emphasis>
Sem patria kroky ako:</literallayout></para>

<itemizedlist mark='bullet'>
  <listitem>
    <para>Spracovanie vety</para>
  </listitem>
  <listitem>
    <para>Dodatočné spracovanie vety</para>
  </listitem>
  <listitem>
    <para>Generovanie otázky</para>
  </listitem>
</itemizedlist>

<para>
<emphasis role="strong">Spracovanie vety</emphasis> slúži na rozdelenie komplexných viet na menšie časti,
pretože otázky generované zo súvetí môžu byť nekorektné. Niekedy komplexné
vety obsahujú zámená, a preto ich treba nahradiť za podstatné mená, na
ktoré odkazujú. Výsledkom takéhoto nahrádzania je to, že vety majú väčší
zmysel napr. (<emphasis role="italic">Where did Peter move?</emphasis> namiesto <emphasis role="italic">Where did he move?</emphasis>).
<emphasis role="strong">Dodatočné spracovanie vety</emphasis> je potrebné na pomenovanie entít vo vete,
aby bolo možné určiť, aký typ otázky sa dá vygenerovať. V tejto časti sa z
vety odstráni aj prístavok, ak sa tam vyskytuje, keďže odstránenie prístavku
nám nikdy nezmení význam vety (napr. z <emphasis role="italic">Peter, very good student, studies at
FIIT.</emphasis> bude <emphasis role="italic">Peter studies at FIIT.</emphasis>). Ako posledný krok sa odstránia zámená.
Zatiaľ čo pri generovaní otázok z odseku môžu byť nápomocné, tu sú zbytočné.
<emphasis role="strong">Generovanie otázky</emphasis> nastane po tom, čo sa každá veta spracuje. Otázky sa
generujú na základe pravidiel a ako sme už spomínali v <link  linkend="transformacie_odsek">(2.1.2)</link>, z jednej vety
môžme vygenerovať viac otázok. Tu nám dokážu pomôcť kľúčové slová ktoré
sme si zapamätali pri spracovaní vstupu. Vygenerovaná otázka z vety, ktorá
obsahuje kľúčové slovo má prednosť pred inou otázkou vygenerovanou z danej
vety.
<emphasis role="strong">Definičné otázky</emphasis> Sú otázky tvorené z kľúčových slov, ktoré sme našli
pri spracovaní vstupu. Pri každom kľúčovom slove musíme určiť o akú entitu
sa jedná, aby sme vedeli vytvoriť otázku. Ak bude jedno z kľúčových slov
Slovakia vieme že sa jedná o miesto a teda môžme generovať definitívnu
otázku typu <emphasis role="italic">Where is Slovakia?</emphasis>.

</para>

</section>

<section>
	<title>Zhrnutie</title>
	<para>Spôsoby generovania otázok popisujú ako vytvoriť zo zdrojového textu otázky.
Každý spôsob využíva nástroje na spracovanie jazyka, ktoré tento proces
uľahčujú. Existuje viacero spôsobov ako generovať otázky. V tejto kapitole sú
opísané štyri najviac používané prístupy, ktoré boli využité v generátoroch
otázok za posledných pár rokov.
</para>
</section>

</section>

<section>
	<title>Analýza generátorov otázok</title>
	<para>V predošlej časti sme analyzovali prístupy, akými môžme otázky generovať.
V tejto časti si podrobnejšie rozoberieme niektoré generátory otázok, ktoré
využívali tieto prístup, popíšeme ich výhody a nevýhody a porovnáme ich.</para>

	<section>
		<title>
			Sneiders
		</title>

		<para>
			Tento generátor otázok bol vyvinutý na Štokholmskej univerzite Počítačových
systémov. Používa prístup generovania otázok pomocou šablón a namiesto
entít vo vete nahrádza inštancie dát z databázy. Otázky tvorí tak, ako je
popísané v <link  linkend="predlohy_odsek">(2.1.1)</link>, ale s tým rozdielom, že do šablóny otázky sa nevloží iná
entita priamo z vety, ale z databázy.
Ako príklad nám poslúži veta When does &lt;performer&gt; perform in &lt;place&gt;?.
&lt;performer&gt; a &lt;place&gt; sú nahraditeľné entity vo vete, za ktoré môžme dosadiť
entity
</para>

<imagedata id="databaza" fileref="database_extr.png" align="justify" />

<para>Odpoveď na túto otázku dostaneme použitím query do ktorej dosadíme
premenné ktoré nám nahrádzajú &lt;performer&gt; a &lt;place&gt;.</para>

<programlisting><literallayout>
	SELECT time FROM timetable as t WHERE t.eventID IN
(SELECT e.eventID FROM event AS e WHERE
e.placeID=&lt;place&gt; AND e.eventID IN
(SELECT p.eventID FROM performer AS p WHERE
p.perfomerID=&lt;performer&gt;))</literallayout></programlisting>

<para>Jedna šablóna dokáže pokryť viac inštancií dát, avšak pokiaľ by sme chceli
pokryť iný vzťah, potrebovali by sme novú šablónu.
Výhoda tohto generátora je jeho jednoduchosť a všetko čo vyžaduje je
znalosť písať v dopytovacom jazyku a ovládať angličtinu.
Nevýhodou je limitovaná senzitivita pre používateľský vstup. To znamená,
že otázky síce budú korektné, ale ich rozmanitosť určuje počet šablón.</para>

	</section>

	<section>
		<title>Self Directed Learning</title>
		<para>Tento generátor bol vyvinutý Corentinom Jouaultom a Kazuhisom Setom<xref linkend="self_directed" />.
Na generovanie otázok používa Wikipédiu a nástroje ktoré pretvárajú text
z wikipédie na štruktúrované dáta (DBpedia a Freebase). Generátor na
extrahovanie dát z DBpedie používa SPARQL (dopytovací jazyk, ktorý operuje
nad štruktúrovanými dátami). Keďže program sa zameriaval na historické
udalosti, používal dopredu vytvorené šablóny na generovanie otázok z danej
oblasti. Otázku generoval na základe dvoch parametrov. Prvý je cieľový
koncept a druhý typ otázky. Cieľový koncept určí NLP nástroj na základe
rozpoznávania názvoslovných entít. V príklade v <xref linkend="odseky" /> je text o prvej svetovej
vojne a v nej NLP nástroj rozozná <emphasis role="italic">assassination of Franz Ferdinant</emphasis> ako udalosť
(angl. event). Pomocou DBpedie dokážeme zistiť, aký je vzťah medzi prvou
svetovou vojnou a danou udalosťou. Ako vzťah nám DBpedia dokáže určiť,
že daná udalosť bola dôvodom pre prvú svetovú vojnu. Program obsahoval
šablónu <emphasis role="italic">What caused X?</emphasis> teda dokázal vygenerovať otázku <emphasis role="italic">What caused World
War 1?</emphasis> a ako odpoveď bolá daná udalosť - <emphasis role="italic">assassination of Franz Ferdinant</emphasis>.</para>

<imagedata id="sdr" fileref="self_directed_learning.png" align="justify" />

<para>V prvej časti <emphasis role="strong">a)</emphasis> sa nachádzajú už vygenerované otázky. V druhej časti <emphasis role="strong">b)</emphasis>
je abstrakt článku z wikipédie. V tretej časti <emphasis role="strong">c)</emphasis> je konceptová mapa pre prvú
svetovú vojnu, na ktorú sa program v tejto ukážke zameriaval.
</para>
	</section>

	<section>
		<title>AUTOQUEST</title>

		<para>AUTOQUEST je jeden z úplne prvých generátorov otázok ktorý vytvoril John
H. Wolfe v roku 1976. Zaujímavý je tým, že negeneroval otázky pre jednoslovné
odpovede, ale porovnával koľko percent slov z odpovede sa nachádza v otázke.
Používateľovi stále zobrazil len jednu vetu a z nej vygeneroval otázku. Pokiaľ
percentuálne hodnotenie odpovede bolo vysoké, uznal odpoveď a zobrazil
ďalšiu, náhodne zvolenú vetu v texte. Pokiaľ nie, opäť zobrazil tú istú vetu ale
otázka sa mohla líšiť. Tento generátor nepoužíval rozoznávanie názvoslovných
entít alebo iné NLP nástroje, ale pracoval čisto na syntaktickom princípe<xref linkend="wolfe" />.
To znamená, že systém sa dal aplikovať na rôzny text v anglickom jazyku,
ale jeho nevýhoda bolo nutnosť napísať odpoveď v rovnakom tvare, ako bola
v zdrojovej vete. V prvom kroku program rozdelil vetu na menšie časti a
zisťoval, či sa z vety dá generovať otázka. Pokiaľ mala veta viac ako 35
slov, obsahovala dvojbodku alebo prvé slovo vo vete bolo sloveso, veta sa
zamietla. V ďalšom kroku sa otázka skladala podľa pár šablón ktoré mal tento
program zapamätané. Ako je spomenuté v <link  linkend="predlohy_odsek">(2.1.1)</link>, pri prístupe generovania
otázok použitím šablón je dobre zamerať sa na jeden špecifický odbor a tento
program mal síce šablóny, ale boli veľmi všeobecné, teda preto odpovede
niekedy museli byť viacslovné a formulované rovnako ako v zdrojovej vete
</para>
	</section>
</section>


 </chapter>
  








  <bibliography>
    <title>Literatúra</title>

    <bibliomixed id="templates">Eriks Sneiders: <title>Automated Question Answering
	Using Question Templates That Cover the Conceptual Model of the Database.</title> 2002
    </bibliomixed>

    <bibliomixed id="templates_dva">Brendan Wyse and Paul Piwek: <title>Generating Questions from OpenLearn
	study units.</title> 2009
    </bibliomixed>

     <bibliomixed id="transformacia">Michael Heilman and Noah A. Smith: <title>Question Generation via Overgenerating
	Transformations and Ranking.</title> 2009
    </bibliomixed>

    <bibliomixed id="odseky">Prashanth Mannemand and Rashmi Prasadand and Aravind Joshi: <title>Question Generation from Paragraphs at
	UPenn: QGSTEC System Description.</title> 2010
    </bibliomixed>

     <bibliomixed id="syntax">Saidalavi Kalady and Ajeesh Elikkottil and Rajarshi Das: <title>Natural Language Question Generation Using
	Syntax and Keywords.</title> 2010
    </bibliomixed>

    <bibliomixed id="factoid">Iulian Vlad Serban and Alberto García-Durán and Caglar Gulcehre and Sungjin Ahn and Sarath Chandar and Aaron Courville and Yoshua Bengio: <title>Generating Factoid Questions With Recurrent Neural Networks:
	The 30M Factoid Question-Answer Corpus.</title> 2016
    </bibliomixed>

    <bibliomixed id="rule_based">Santanu Pal and Tapabrata Mondal and Partha Pakray and Dipankar Das and Sivaji
	Bandyopadhyay: <title>QGSTEC System Description – JUQGG: A Rule based
	approach.</title> 2010
    </bibliomixed>

     <bibliomixed id="self_directed">Corentin Jouault and Kazuhisa Seta: <title>Adaptive self-directed learning support by question
	generation in a semantic open learning space.</title> 2013
    </bibliomixed>

	<bibliomixed id="wolfe">John H. Wolfe : <title>Automatic Question Generation from text - an aid to
	indepedent study.</title> 1976
    </bibliomixed>




    
  </bibliography>
</book>